Label,Category,Value
A,A,-1.8427293
B,A,-4.3670678
C,A,-0.5318105
A,B,5.62881
B,B,1.4895512
C,B,-2.2779242
A,C,3.5340547
B,C,2.8138484
C,C,-2.9173916
A,D,-4.4746015
B,D,0.371865
C,D,2.3488034
A,E,-4.3033331
B,E,0.2038655
C,E,4.5743071